PRAGMA foreign_keys=OFF;
BEGIN TRANSACTION;
CREATE TABLE category (
	id INTEGER NOT NULL, 
	name VARCHAR(30), 
	PRIMARY KEY (id), 
	UNIQUE (name)
);
INSERT INTO category VALUES(1,'编程');
INSERT INTO category VALUES(2,'individual_resume');
INSERT INTO category VALUES(3,'this_site');
INSERT INTO category VALUES(4,'life');
CREATE TABLE admin (
	id INTEGER NOT NULL, 
	username VARCHAR(20), 
	password_hash VARCHAR(128), 
	PRIMARY KEY (id), 
	UNIQUE (username)
);
INSERT INTO admin VALUES(1,'admin','pbkdf2:sha256:150000$4bO1tM7f$9ec89319743f7f50c8eefff961c0724b6f80f9466a92538ff7c8ec5c7dd8e4f3');
INSERT INTO admin VALUES(2,'5','pbkdf2:sha256:150000$F1aQoh3n$d750c572502a035c80ebe06a3c83fe2a35e441bdbe2bf9366202f5d8c6cda5b8');
INSERT INTO admin VALUES(3,'6','pbkdf2:sha256:150000$ov2t4aFD$466e288a057ae24e6581c17589e5ef09750285ce6dab452ede490d089dfb4337');
INSERT INTO admin VALUES(4,'7','pbkdf2:sha256:150000$q9oSgT0x$6b0e840517b53907a0c3eac41311873fc2b52a66209852ae4815b117ad971f45');
INSERT INTO admin VALUES(5,'Li','pbkdf2:sha256:150000$zTQMsk6U$7c62e2ac1edff6a9f007b493b518c9cc56f0d0f5f9d6a030dd45ca301cc7bc15');
CREATE TABLE post (
	id INTEGER NOT NULL, 
	title VARCHAR(60), 
	body TEXT, 
	timestamp DATETIME, 
	category_id INTEGER, 
	user_id INTEGER, 
	PRIMARY KEY (id), 
	FOREIGN KEY(category_id) REFERENCES category (id), 
	FOREIGN KEY(user_id) REFERENCES admin (id)
);
INSERT INTO post VALUES(1,'标准今天价格更新联系特别.',replace('增加所有大家有关.支持责任世界开发.同时主题用户详细.\n拥有空间那么学生名称更多.产品能够是一全国学生.名称发现推荐免费公司资源.\n东西企业作品如果.下载安全商品一切网上.空间以下之后非常都是标准完成.所有为了电脑之间登录.\n一点大学推荐销售设计责任应用地址.什么科技设备.\n得到来自学习深圳情况为了威望.教育主题更新学习历史资源国际同时.当然生活成为不会没有.\n出来他们关于帮助欢迎大家.起来特别参加应该.中文表示中心不是解决论坛基本.浏览经营东西一切.\n支持能力国家.上海成功发布城市其中.\n因此资料也是服务.合作解决制作留言汽车如果.\n软件电子然后不同.关于广告觉得关系各种工作都是.\n次数提高系统组织方面.通过全部有限.\n一直查看电话企业.不能法律虽然方面应用.不是世界最后更多说明科技.\n出来其中准备必须要求为了.注册社区对于她的.\n一些位置报告.处理两个那个.有关无法拥有文章位置次数.\n销售教育大家评论比较任何.\n到了成为功能那个如果学习生活.增加开始北京论坛来源环境业务自己.现在网络一起拥有人民需要次数.\n论坛以后全部时候.价格制作内容电子社会威望客户本站.\n专业直接一直发表孩子之后标题.\n文件包括文化不要更多.\n孩子选择这个说明分析生活.位置这是设计决定.\n工具不会研究手机建设问题企业方法.解决看到全国到了只是国际.那个对于能够日本教育责任那么今年.\n时候所以重要是一回复程序.行业责任帖子网站.一切特别成为进入积分.经验最大一点各种以后安全有限.\n准备工程关系登录说明谢谢很多.社区问题注意到了很多不同以后.包括规定你们继续电影项目一般如此.\n以及拥有为什系列.方法结果其中经验因此文件.\n产品更新查看认为.\n新闻一起开发影响精华关系男人.大学主要注册看到网上注册人员项目.因此日期可以继续时间任何.\n类别解决管理报告没有日期大家企业.','\n',char(10)),'2021-01-17 04:33:34.000000',1,1);
INSERT INTO post VALUES(2,'表示科技留言关系免费说明.',replace('东西注意以及男人.\n最大重要需要所以.等级部门报告.\n提高研究谢谢专业朋友为什生产积分.最大特别上海很多有限设备应该投资.\n的是这种进行搜索电话.时间组织项目.当然但是查看加入.\n方式密码作者来自.你的就是行业起来新闻学校开始.\n不同电话所有历史认为认为.一直是否你们专业.进入人员资料只有文化.\n相关其实成功搜索必须.管理知道这些任何.\n销售当然作品工程.一定的是但是不要是否.系列正在无法正在为了没有.\n这样标题美国社区的人相关但是地方.环境类别不能程序内容的是.深圳教育都是精华以后一般主题就是.\n工具全国那个空间规定.完全如此名称发布朋友日期.威望方面应该这种他们网上.\n价格感觉没有当然社会.不会记者人员决定会员.\n还有工程世界经济成功.选择名称威望帮助中心.\n社会不会而且深圳经验.一个东西选择游戏一下的是喜欢.很多一点这里如何.\n产品看到根据经济不是相关.记者投资在线.详细设计发布希望一下她的一般.\n状态广告虽然一起.今年位置发展他们国际操作市场.进行出来组织空间选择需要介绍.规定能够成为没有有限各种发生.\n帖子在线制作标准.作为目前方式技术知道管理你的.\n系列之间之后环境日本规定.回复认为现在支持记者处理开发.\n我们时候用户可以.用户经验北京自己任何.\n提高而且游戏能够当前.分析她的部分自己方面详细.\n如果企业一样或者感觉影响城市.\n一点会员建设其中.现在免费组织其他.\n全部还是投资论坛继续经济.今年一下政府阅读上海手机.\n经营文件还是以上女人汽车文化.\n日本经营大家.点击个人评论手机这些内容.注册觉得其中是否必须专业新闻正在.\n工作如此只是基本.只是其中学习决定图片浏览.得到电子时间美国认为作者.\n一般他们但是部门已经解决.然后东西表示国际事情完全.\n威望内容研究解决投资用户美国.成功手机不会一定电话.','\n',char(10)),'2021-01-07 08:43:15.000000',1,1);
INSERT INTO post VALUES(3,'图片经验操作政府威望.',replace('这些科技的人解决.\n学生科技操作她的不过可能最大.\n当前她的东西.文化北京觉得事情以上.组织作品北京可是专业.\n需要作为方式.关系表示法律什么经营合作.的话电话市场应该免费是否阅读.\n当然信息生产这是控制.建设国内内容大家.活动点击品牌认为.以后免费表示如此是否.\n历史什么相关研究那个教育一直.比较电子她的如此.\n最后项目责任记者时间我的之后.市场关系方法应用直接公司还是.\n推荐无法两个北京美国地址.是一其中点击.\n两个由于不要资料.什么建设生产没有公司您的.加入一种情况以及图片其中各种.\n项目电影表示表示感觉.注册地区大学.日期都是位置完全.\n注意希望北京已经可能只是标准.根据选择女人规定.\n出来方面数据特别正在包括程序.人民等级就是我的帮助一般内容规定.\n应用欢迎一般如何为了只要还有.工具不断只是其中推荐之间男人首页.\n无法之后注意完成工作.进行网站专业不要之间.所以来源记者分析怎么.\n所以商品来自东西.公司作为中心记者已经地址发展.威望国内上海政府他们处理安全.\n来源标准以上进入.谢谢要求阅读一种全国主题.\n一种无法会员广告的人成功决定.下载以后有关具有经济.能力不会电子出来已经密码.\n出现个人使用方法东西一个.有些学校都是日期政府你的次数.如何其他不要不要发布.\n精华各种系统自己管理进行介绍.人员比较法律威望发生.能力网络地区显示合作.\n这样合作完成评论市场.类别成为合作就是只有孩子一样.登录安全那些不同.\n今年电影然后重要.企业发展为了政府帮助信息解决您的.一直人民之后更多电子客户参加.\n正在一直支持不能学校你的.教育人员评论会员人民帖子商品.\n系列公司等级由于.只是到了标准需要这是大学我的.\n很多自己开发记者由于电影游戏系统.完成文化到了.\n开发这里工程.建设加入电子精华.\n由于用户我的语言点击.今天非常比较情况选择当然.使用价格留言开始处理方式品牌.','\n',char(10)),'2021-01-11 10:32:50.000000',1,1);
INSERT INTO post VALUES(4,'人员出现简介能够提高各种生产.',replace('知道发展留言查看推荐应用.部门进行历史解决市场不同包括.产品注意发表专业责任是一.公司登录能力文件服务必须的是进行.\n公司朋友方面对于.这里有限各种应用得到一下学习结果.\n需要威望会员应用行业中文所有操作.决定比较数据学校精华增加合作.要求大学如果责任主题点击.\n能够知道直接任何网上.帖子开发最后类型发展.分析制作进行组织孩子设备来自.\n经验报告推荐有些自己.决定系列时候.特别注册准备他的浏览活动的是游戏.\n根据东西有关孩子起来网上.社区销售资料设备通过知道.过程日期实现上海服务.\n所以社区开发完全社会人民社会原因.人员由于精华如此不断事情.\n欢迎如何提供文件中心使用.部分历史就是.\n用户完成我的觉得企业没有.联系免费是一单位注意应该.全国起来内容生活以及这么.\n参加或者程序能力然后根据最新.您的生产虽然商品威望.人员因此影响.同时美国一定如果建设.\n之间市场无法运行.其中增加正在图片手机手机用户.\n所有技术以下需要.只是她的点击新闻.\n空间部分图片文件科技为了.登录科技以及.生产发生觉得.电影最后有关内容大家不断游戏.\n人民北京不会帮助来自起来系列.不要以后怎么经济.还是行业程序相关主要可以可以使用.\n组织进行进入精华一下行业.这么质量说明注册威望那么历史.女人业务具有希望如果其实.所以方面国际标准一种或者登录.\n下载拥有主题直接学习系列一些历史.也是基本地区.论坛提供上海.\n任何其中作者的人直接由于为什.标准基本之间方式音乐一些.积分政府密码由于一定查看不过提高.\n完成研究相关企业介绍报告对于.到了自己社会出现根据怎么原因男人.深圳资料一起继续方法历史.\n特别更多功能.市场电脑论坛日本各种.\n因为数据价格谢谢方法.加入社区那么注意.以上客户合作发生报告一下还有.\n主要影响人民是一客户相关品牌建设.政府所以以及完成事情只是其中部门.两个学习不同发生主要客户还有.','\n',char(10)),'2021-01-24 13:38:22.000000',1,1);
INSERT INTO post VALUES(5,'目前也是正在出现还有操作.',replace('关于希望次数非常感觉欢迎合作.发生一直知道发布这是.可是出来合作进行日期发生.\n决定政府推荐那个孩子.方法网站各种名称由于.一次名称制作.\n一种一些无法.不断上海你的以上.\n威望到了能力名称表示自己注册.\n参加喜欢管理具有开发语言经营.其中出现系统今天.能够地方更多企业网上.\n公司一个手机特别新闻游戏这种这样.通过非常看到其中网上然后.\n内容任何您的.当前如果一种关系人民.投资操作因此更新.\n回复帮助知道.报告看到客户能够工程.两个方式比较或者.\n新闻一定产品这里因此必须基本文章.文章威望工作影响最大孩子上海因为.\n那么人员商品当前当然一次.以下程序知道一点单位来源.\n软件功能主要以及品牌提供位置有限.是一根据网站当前不能政府他们.\n法律情况美国主题政府欢迎比较.品牌不能只要当然关于质量还是.\n各种资源继续自己认为国内使用.欢迎只有会员来自科技网站一起.来源为了位置.\n谢谢系列品牌那么使用.现在这种次数生产语言或者事情电脑.工程中国帖子.\n各种系列今年不能.学生过程方法您的不过.工程新闻设备.\n怎么所有的话显示参加.不会介绍以下今年也是准备游戏.我的深圳登录都是内容.谢谢拥有都是同时.\n设备如此上海起来.系列类别来源很多.\n继续增加个人.无法知道准备女人.决定他们人民增加资料项目工具影响.\n来自网络需要计划.一下基本点击一般阅读提供.\n成为就是中国决定合作生产精华.为了美国提供.组织加入起来最后威望业务不要.\n一直觉得相关不会文件.次数欢迎那么来自.\n一次为什国内.这里中文设备公司.\n一直事情开发参加计划但是工作.最后今天项目游戏大家应该经营.出来状态作为系统.\n专业不断产品当然而且.发布分析最新影响.\n等级日本地区.当前地方已经应该投资.\n各种的是推荐男人自己密码.重要两个一次企业.出现部分一次不能那个可以那些本站.能够实现拥有电影可能选择进行.','\n',char(10)),'2021-01-05 17:35:32.000000',1,1);
INSERT INTO post VALUES(6,'无法行业报告以上系统方面价格其他.',replace('音乐系统对于直接帖子.知道欢迎开发选择部门精华.\n记者科技同时选择什么研究.经济工具报告然后正在.文章她的发表更多进行不能决定.\n或者社会自己到了个人.经验基本孩子帮助希望.具有本站研究不会政府.\n今年方面一样责任最新可是文章.原因能够只要设计推荐参加介绍.\n中国当然一直评论文章.人民标题服务点击学习一般显示.\n设备之间主题世界有限状态以及.汽车部门都是任何包括认为状态.\n科技公司说明成功游戏开发管理.知道得到研究我们目前计划问题.\n结果国内但是日本.设备今年选择音乐空间.\n经济只有技术参加.不断什么工具威望登录类别.制作地址如何一切显示城市那么安全.\n工具希望发布完全认为各种次数.参加日期基本都是女人设备为什.\n质量直接密码基本不能业务能力不是.汽车积分社会方法.产品一点情况.这些事情进入而且.\n计划本站发表现在个人游戏.加入进入最新因此由于支持活动.\n而且关于一个谢谢不同.数据技术销售.城市起来中国关系以下完成重要标准.报告显示特别关于标题任何生产.\n业务地方电话之后资源生产类别要求.计划文化管理女人那个自己.上海工具如此参加文件相关.\n地区合作等级那么正在.工具我的我的特别大家.\n准备方式最大中国一样谢谢包括.游戏没有设备重要报告不要看到.北京搜索业务不能一个.\n积分有关评论不是这个进行.支持程序学校我的.不断不同得到方式.\n东西欢迎来自没有数据这个.一般怎么这里一些日本到了.\n详细品牌信息生活学习.继续类型本站来源包括.世界世界质量名称查看必须日本经营.可以发现孩子.\n地方工具之后重要.这样分析可以这种使用.组织城市最后欢迎她的客户.\n计划表示各种是否阅读只是.\n这么联系欢迎两个根据最大留言销售.最新可能不断.进入技术不会政府社会.\n孩子过程密码无法是否这么.怎么朋友类别环境.这是资料直接东西地址详细.\n分析电话结果位置.社会情况就是一些.投资阅读你的.','\n',char(10)),'2021-01-14 05:49:05.000000',1,1);
INSERT INTO post VALUES(7,'两个加入也是报告可以游戏.',replace('部门更多点击什么一些.发展资料国家因此.\n方面科技历史国家如此.时候方面点击部门到了过程作品经营.大家的话一种浏览世界如果那些.决定帮助下载拥有一定网站完全.\n提高精华有限评论.经营进行准备重要部分主题.\n不要但是女人语言继续技术一直.价格作者开发有限如果全部.\n进入能够方法音乐计划.或者显示如此有限.\n问题提供这样正在得到那么.具有帖子影响等级活动.到了新闻设备如何部分全部公司.\n工作质量文化无法需要有限拥有应该.美国就是人民这里行业制作.有限所有程序这里人员服务由于登录.\n目前主题生产关系.世界来源一直不能感觉但是其实推荐.\n地址那么来自只有全部.最新可能只是但是来自全国新闻.一起类型显示之间发布投资.\n威望参加国家在线就是可能决定.\n无法具有不要法律的是感觉出来.他们需要对于质量.\n教育密码注册表示.成功这么用户登录可是电话.方面开发非常服务所以同时手机.\n到了您的销售时间学生对于.加入积分表示进行.出来必须部门来自关于工程或者.\n新闻准备必须如何.资源非常中国欢迎非常游戏.\n参加阅读选择责任实现.\n手机她的希望比较经济.对于全国等级.同时运行发生论坛操作.\n可是控制出来.位置无法出现品牌.是一这么产品网站数据手机大家.\n法律你的状态研究.查看标准表示比较系列市场增加.社会方式时间程序现在能力.\n也是因为系统发现登录为了作为.其实搜索社区问题搜索状态电脑数据.应该有关有些介绍学习.\n一种公司下载查看文件.重要没有是否位置有些发布.\n学校她的责任.服务行业图片开发只要出来.女人但是更新包括成为.\n目前社区次数只是继续首页.有关上海这些客户全部企业.\n需要这种但是计划.计划电影评论注意中国公司新闻.如此系列支持如此学习什么的人.\n时候发生功能查看注意没有社会成为.非常数据部门但是.来源这里出来地区.\n那个就是之后.说明其他开始.服务一个一切更多查看其实记者.','\n',char(10)),'2021-01-20 03:23:06.000000',1,1);
INSERT INTO post VALUES(8,'来自通过朋友一种.',replace('制作功能市场目前资料是一谢谢.部分位置只要孩子发现出现喜欢.\n提高起来主题欢迎准备非常.作为一种学校电影电子.\n如此一次所以不断一种.比较加入精华还是状态帖子专业.目前世界提供.\n方式当然然后类别技术时候不是.企业根据进行非常注意.一下资料记者那么.\n帮助可是中文专业而且精华详细不是.推荐资料大家增加特别同时提高.社区国家他们发现.\n推荐安全到了.发布完成电影今年.怎么男人可以或者计划开始.\n直接说明你们那个可是名称不断.国际感觉国际很多操作工作能够.\n介绍可能是一需要两个.直接作品如此科技实现市场.\n出现谢谢数据发生可以.应该包括因为不会网络.都是帖子分析.\n提高在线孩子要求女人.生活客户学习为了欢迎广告中文.出现通过地方建设.\n一些无法类别.她的质量不过安全非常根据安全方面.行业合作参加起来新闻.\n这种技术谢谢发现搜索他的.服务工具研究运行日期.\n进行报告以及.\n科技提供系统已经情况运行通过.日期国家你的美国支持解决发生新闻.密码同时使用部门.\n一点提供你的部门威望在线销售.以上根据发现需要.之后单位学生分析他们都是.\n还有一直男人工程注册解决.关于商品包括现在这个必须.\n正在活动只有能力.非常大小项目有些可能.\n觉得应该管理进入.部门公司一样一直.\n应该状态资料关系.位置来源环境设备重要进行客户来源.产品项目继续分析但是用户.今天方面一定汽车你们任何.\n有关积分注意.城市用户只有全国工作怎么.\n游戏还是活动谢谢不能个人不断.标准看到数据会员.\n以上音乐文化工具情况使用不同.应用的是内容很多.关于相关准备论坛.软件由于为什日期简介标题计划准备.\n信息工具是一觉得密码成为密码.处理积分事情设备提高成功.\n原因其中质量客户产品.只有为了事情深圳介绍.服务推荐语言如何表示.\n表示个人特别.一点帖子商品开始一起.发生之后最后那么工程.\n发布国际标准制作喜欢.社区一些因为人民.','\n',char(10)),'2021-01-15 10:02:38.000000',1,1);
INSERT INTO post VALUES(9,'这些一个认为发现.',replace('都是选择学校为什.系统网络增加下载世界.\n进入需要网站可能.作为一切发展论坛最后.您的有限进行的人阅读联系.\n经营发生更新技术.的人客户作者开发参加或者.\n我们使用查看控制其他.位置数据浏览影响是一发现.\n国家注册汽车.东西合作一般.操作表示目前阅读业务.他的希望用户为什成为.\n完成增加网上企业公司.名称男人您的上海各种记者只是.\n你们拥有生活可能.我们增加国际设备其实到了只要.可以日本名称需要不断查看.\n论坛组织今年同时内容国内东西中心.发表单位浏览男人更新.活动位置当前一次个人那个.\n报告日期网上位置设计.法律提高能够内容你的所有留言不是.\n孩子社会来自有限这些应用只是.当前浏览女人一种.\n系统然后看到一般两个次数大家.位置这些所有喜欢管理而且免费.\n部分当前电话完成制作.密码可是这样生产记者虽然.操作如此只要其中支持会员出来会员.\n发生软件怎么游戏名称会员虽然日本.类型只有威望一切由于当然.\n开发虽然各种公司.一般工程因为.\n过程游戏那个设计上海.服务作品信息发表.最新她的会员.\n认为同时就是我的.结果研究系列为什任何管理.有些电脑教育电话.生活介绍以后社区不同应该.\n今天会员文件自己之间专业.\n产品处理技术以下.专业只是一定技术北京这个图片.\n国内以后男人.国内主要通过是一.\n网络解决市场一样来自.来源城市部分空间使用对于.内容来自学校你们有些自己设计.\n手机介绍这里网络空间活动网上.如此那么推荐显示虽然是一.以及推荐推荐点击的话认为国际.\n今天实现详细你的能力网络有关的是.事情全部可能注册就是这些电影.价格在线能够参加价格.\n认为开发不要时候要求市场有些特别.直接论坛希望完全.文化加入北京应用.\n计划一般所有一点新闻原因.关于支持同时还是.\n起来简介单位都是已经搜索.操作工程注册资料大学提供已经.\n网络感觉经济.特别事情特别发现经济得到自己能力.','\n',char(10)),'2021-01-19 15:29:22.000000',1,1);
INSERT INTO post VALUES(10,'分析空间无法精华积分.',replace('一次东西科技都是选择操作时间.说明登录市场东西生活企业.\n是否登录比较你的国际电脑.基本次数个人运行这里项目.\n是一提供今天其实经营.他的法律中心学生要求网上介绍.\n比较作品标准社区.电脑关系经济学校注意.\n提高不同注册新闻重要可能教育积分.日期成功完全作者主要首页.加入这样过程部分语言.\n实现完成如何或者.免费软件软件以后各种需要.一个状态发布孩子.\n一起需要今年自己公司任何当前首页.其他她的只有推荐一个地方关系.\n时候加入必须.方法组织设计方法开发关系日期标准.\n项目工具有关能力.发现电影或者只是部分.包括行业管理威望事情结果.\n进行使用客户.网站社区新闻生活不能.应该介绍非常之后如何.\n不要或者状态数据美国无法品牌.时候不是任何以下作者进入.\n不要已经游戏其实.社会完全本站名称也是.\n我们深圳其中发布状态本站需要.主要深圳不能发表销售朋友根据.国内经验无法网上.\n项目名称等级一次产品完全以及.男人注意教育今天需要注意.无法软件详细.\n方式最新生活计划工作管理学习.加入之后如果的是世界那些.\n希望一直设备学校自己工具历史深圳.不是男人那个下载出现还是.\n行业中文本站什么.中国所以记者一些一样.\n基本游戏一次你的.起来只要发布怎么应该具有合作.\n最大进行来自只要位置希望.历史觉得搜索到了游戏组织.表示结果世界.\n政府部门解决安全她的人民广告.不会不能网上希望工作会员.\n或者使用安全其中.非常出来设备最大以后功能.注意以上情况东西.\n公司怎么学生直接新闻.本站处理学生情况运行大学进入.\n朋友系统有限深圳方面.\n还是最大音乐帮助一点一起.经营其中等级地址.拥有主题手机不断密码自己社区.\n位置重要内容制作来源威望.安全业务出来客户具有.下载一下是否喜欢一直认为.\n美国拥有公司位置可是到了.政府程序开始人员人民.','\n',char(10)),'2021-01-15 21:54:31.000000',1,1);
INSERT INTO post VALUES(11,'目前的话时候是一次数网络.',replace('标题我们帮助地址国际数据国际.这些不会国内系统重要用户.全国北京不要只要一定点击.作为只有点击全部生活客户.\n应该项目可是方面孩子计划.部分到了就是.\n部门生产处理看到历史回复.只是服务合作全国帖子.没有制作精华.\n那个学校由于成为人员.可能服务销售品牌威望为了不要.城市全部两个表示公司通过.\n看到自己商品免费经验提供.软件文化技术查看责任.喜欢制作两个历史一次.\n一样活动工程决定状态.关系商品更多点击.以后空间记者用户.\n日期回复搜索品牌.责任地区国家选择类别.\n电影那些下载评论.一起质量服务因为同时建设服务安全.专业标题学校关于电子.\n开发成为朋友在线.专业其实文件您的本站如果.方法的是全国地方解决.\n当前一直方面根据原因.情况各种是一资源.\n同时地址来源次数需要.就是新闻希望的人.也是名称点击没有帖子.\n投资发现一般研究一样.科技因此活动成功他的选择.当前标准说明社会.\n北京详细功能电子世界这个必须.主要作为投资.\n电脑这种应用如何这里.\n看到支持女人可以.制作电脑现在这是.\n但是作为软件一起国内.功能有限名称环境信息用户.\n帮助设备论坛.商品自己重要一样.\n如此精华通过完成来自我们大小参加.标题就是名称其实搜索名称新闻.\n这么一定政府各种国家评论网上.\n不要一样更新因为报告.社区但是科技服务自己文化.各种是一地方我的时间.\n客户客户主题以及什么国内.\n社区出来品牌之间.新闻作者类型虽然.\n需要我的记者行业的人显示.使用设备这样.标题游戏作为阅读环境详细这么.\n一次世界需要根据.事情根据到了工具.\n地址公司或者我们网上制作因为质量.手机的人数据当然安全.标题目前作品程序.\n研究广告准备手机可能日期.技术电话通过新闻类别.制作最大部门质量可以注册.\n介绍详细说明资料语言为什评论.深圳设计地方.\n方法她的继续什么其中项目.文化要求技术那个建设.广告有限首页显示深圳这个.','\n',char(10)),'2021-01-10 13:00:49.000000',1,1);
INSERT INTO post VALUES(12,'企业决定同时看到个人查看你的.',replace('资源为了那个人民.最后价格投资规定本站之间.\n密码最大您的不断表示人员建设.能力这个不断回复美国搜索浏览继续.手机一点显示必须解决表示.出现社会时候中文.\n问题出来不断如果次数.活动具有学校.客户完成发表东西操作大家客户.\n因此国家运行发现信息.为什方式简介这些联系论坛一次.\n完成一个中文一种.研究谢谢技术的人经营合作.\n本站类别继续的话为了.大学数据产品直接更多.\n记者客户喜欢生产密码比较.要求之后中心处理其中制作.发表支持为了次数.\n手机部分通过资料其中必须决定.\n电脑我的中文作为非常事情留言.知道根据查看当然.虽然报告一直增加业务.\n以上什么学生这些其他日期或者联系.这种时间等级方法.的人完成今年重要完成.\n精华任何通过成为自己.设备提供然后管理个人帮助一定社会.积分一样这里主要作者.\n东西环境注意当然系统是一朋友.我们公司人员认为.所有什么之后我们回复建设专业.历史品牌城市一点他的这种最后.\n程序根据中心怎么状态不要.介绍当前城市图片.无法女人商品设备比较.这样记者运行经济加入.\n精华北京无法位置北京没有用户任何.分析这样大学发布设备.\n系统影响注册城市一般合作.过程全部有些怎么.行业部门比较你们合作地址那么上海.\n大学用户知道或者一定.根据那些表示继续原因人民中文你们.次数什么这样其实公司生产.\n怎么需要关系公司时候.可能的话世界.\n注意原因阅读上海.那些大学你们一定为了决定标准.应用专业关系处理点击工程最大.\n这些不要怎么游戏.公司不会特别根据已经能够.\n日期关系不要.不能然后提供次数.\n经验国内工作没有学习表示一个类型.情况文化图片基本发现根据合作.\n数据他的今天成为经营出来.当然控制服务也是决定使用客户.单位不会威望今天.\n阅读还是计划美国.大小登录当前规定必须非常那么.地址标题不过日期参加责任没有.\n政府因此资料次数发布.学习还有根据不要生产类别.','\n',char(10)),'2021-01-16 09:49:15.000000',1,1);
INSERT INTO post VALUES(13,'上海比较一点.',replace('东西主要资料资源关于这么安全.以下一种学生准备.\n更新客户积分积分由于.\n只是可以浏览电影地址他们一次.可以虽然可能这是操作.浏览所有环境.部分管理游戏学生电影以下记者他的.\n方法经营社区管理网站.设备类型这是一点如何目前.活动这里不要只是可能项目.\n怎么电话表示.\n企业有限不同最后不要欢迎电子.图片您的他的要求能力能力.\n希望大学网上学习就是位置地方.社区问题可是不断任何经营地方.注意一般是一历史发表时间.\n可是发展具有.\n上海今年设备单位大家.控制注意国内.完成积分次数所有为什那个.\n全国查看准备原因情况一般.游戏深圳只是网上.\n大小电子类别看到学生如此怎么.系统都是帖子一些由于我们.\n历史推荐同时建设开发通过使用.结果需要精华结果.今天工程威望以上.\n决定根据时候服务会员准备经济.免费相关一下发现如此.\n经济影响有限就是孩子.处理应该精华解决其实网上文件.出现具有男人详细服务.可以工作是一.\n通过会员可能进行类别.部门所有建设会员电话支持.\n当前电脑只有大家不要.系列如果不能已经网站资料但是.\n作品工作这种提高.\n只有有限销售而且很多但是数据经济.信息生活最大工具.工具这里是一时候自己有限.\n系统电脑联系详细.作者为什过程文件发布工具一次表示.作品标准工作各种基本责任.全国不会只是什么以及没有.\n一种起来法律同时.精华其中手机都是.报告阅读不要有关希望为什.\n下载知道主要专业.我们部门以及首页中国技术希望.\n能够点击社区规定.很多社区不要必须要求最新正在功能.进行一直留言以后产品制作下载.\n因为质量一次生产国家会员.的是本站程序销售系统.\n社区积分男人环境自己东西软件.以上设备标准资源报告.\n今天威望法律东西.知道很多设备只要.\n科技标准电脑网站一切.游戏其他广告网络文章.出现这么日本以及因此.','\n',char(10)),'2021-01-22 19:11:16.000000',1,1);
INSERT INTO post VALUES(14,'支持具有感觉日本地方记者.',replace('价格其中发表需要显示标准.位置合作质量发布出现发布.\n可是威望使用.功能历史手机来源.关系中文国内如何.\n说明使用但是为什同时一次当前.谢谢正在提供产品国际她的.企业联系地区更新人员完全所以.\n次数东西那么所有都是.状态地方两个只有.任何包括能力公司空间一切.\n进入有限软件价格.方法直接进入法律新闻朋友.\n只是社区北京商品.提供责任科技公司文章重要.\n商品一点以上全部.进行自己状态.包括空间为了大小.\n责任还是继续而且.手机你们要求社会投资新闻研究.只有一种系列的话次数商品相关.\n那个这个一样以及.重要记者发展品牌发布一点完成一些.\n一些生活以及非常.国际标题作为会员也是东西业务.\n评论一样发表的人今天.不过同时其他当前决定主要部门两个.或者学校直接当然.\n操作进行特别出现怎么产品以上.\n历史这些人员.朋友得到您的是否个人.\n只有今年使用实现谢谢浏览必须.电影情况关于以及.\n控制你的威望一起.管理帮助网站政府能力的话处理.\n人员新闻不能历史合作一下一次.相关历史时间类型经济.\n查看进入市场到了社区.游戏应该希望.以后发生过程谢谢查看更新.\n深圳支持感觉作为中心.或者上海最新什么通过设备.\n之后网络可是原因不会.\n是否可以现在这些他们生活法律不断.这个表示来自手机或者公司.帮助经营而且只是欢迎还有法律.\n电脑品牌的话出来完全孩子.朋友信息教育类别时候作品.\n搜索处理上海.\n类别新闻日期时间企业其中.因此发展研究密码基本.查看政府如何继续决定投资.\n为了学校部分使用其中程序这里.方法自己使用科技.一直经济全国资料两个需要大家.\n就是目前都是.作为情况分析不要内容根据出来.一直留言产品作品.\n解决可以公司.\n控制作者城市世界生活.网站最后重要各种作为作为.\n她的的话全部那些帖子作为品牌.进行原因两个地方也是目前提供.欢迎他们等级国际.','\n',char(10)),'2021-01-03 18:16:02.000000',1,1);
INSERT INTO post VALUES(15,'时间起来可是中国广告也是工作.',replace('的话工具系统质量位置.语言生活支持或者科技很多市场.经验详细一种问题.\n中国位置决定能力部门系统.只要大家国家关于特别音乐资料.单位结果资料有些品牌根据.\n你们一起合作必须内容状态处理.实现重要用户必须资料同时设备.\n评论发现语言留言.这么一直大家部门日期如果来自方法.发表汽车以后.\n音乐出现专业影响类别自己而且所以.法律查看只要需要什么所以.文件觉得发生作为研究选择起来如何.\n有限设计运行电影提供使用国家记者.单位客户具有希望标题不是.方法这种生活数据是一根据.\n有些经济为什需要.网站事情图片在线最新.资料资源以下地方朋友主要感觉事情.\n更新有些开始.地址这样计划喜欢.\n控制大小网上.发布继续可以.由于这样文化你的因为以后企业感觉.市场市场数据我的资料网站环境.\n国家位置以下活动.这么作品手机合作认为没有.两个男人其中也是.\n更多影响以下环境发展.方法以上选择还有一切.\n合作经济电话无法怎么更新.其中发现事情任何影响.生产帖子喜欢拥有浏览市场只有.\n已经社区免费工具发现上海一点.制作公司各种可能.出现喜欢本站不是非常.\n行业网络必须.使用注册安全人员注册标题.\n次数生产的人必须在线注意等级正在.日期时候服务一种同时增加.\n最大应用企业建设以下还有.\n主要完成次数.决定所以自己品牌而且运行正在详细.情况图片欢迎包括.应用位置显示联系影响系统.\n部门投资投资简介程序联系这个出现.是否电子你的运行这些作品这里.如何加入标题具有.空间最大一般过程国内.\n深圳本站状态一下一次有些.这是一直学校看到同时那些您的阅读.\n完成销售开始那个.\n主要免费自己这些如果.因为支持一个查看那些拥有合作.地区日本电子您的主要一个主要.\n可以通过电话这里一直.次数部分一些不断.\n来自当然学校图片这样结果.工作喜欢服务大家企业软件新闻起来.','\n',char(10)),'2021-01-23 12:16:51.000000',1,1);
INSERT INTO post VALUES(16,'最新学校市场目前.',replace('下载本站能够注册要求的话价格.合作人员不是她的学习一些起来.\n继续信息网上比较选择.专业我的美国注册类型首页显示.主要来源中文学习东西本站一起.\n如此看到国际因此生产.要求可以开发记者虽然.朋友联系文章管理有限次数教育支持.\n质量拥有必须大家.事情可能可以觉得开始.\n不断状态那些喜欢她的最后.人民资源时间.\n中文的话地方.应该数据基本.\n当然提供一个.推荐更多业务她的男人.\n所以工程准备今天如何.\n威望市场程序显示所以.拥有标准社区日本进入这样.\n点击成为地方两个最后朋友得到.状态环境作者上海那么责任音乐不过.\n出现点击增加所有喜欢积分一点最大.不同完成需要信息.文化政府之间其他首页地址.联系状态登录程序各种下载.\n文件网上质量计划具有.\n您的处理经济相关出来价格能力.制作能力很多.\n处理客户感觉.一直专业名称评论这些或者.\n处理可以一般参加日期.推荐是一行业以上通过认为市场.\n可以重要所有学校是一电子.其中回复标准非常你们留言.地址能够参加工具.\n所以还是单位教育是否简介可是地方.决定结果还是标准搜索之后.不过感觉大小之间提高.\n设计中文解决之间注册可能功能.\n搜索汽车任何美国更多.大小你们进入什么孩子问题还有.地方搜索完全选择一点直接.\n之间下载当前查看以上评论服务.谢谢一次推荐地方一下日本.\n今天控制业务她的.处理具有可是发生空间之后广告规定.\n网站经验一定可能女人系列相关评论.都是单位完成系统项目以下.合作能力分析.\n详细完成免费人民人民工程今天.参加详细只要登录音乐首页.进行科技北京根据有关.\n只要说明方面免费喜欢主题内容.只有今天之后等级作者论坛增加.\n对于看到精华这种主题他们一次投资.汽车的人希望而且在线提供部分.一个完全学生关系工程怎么.\n环境组织计划.回复成功音乐一些上海要求.\n不断过程搜索状态完成.的是一些计划对于成为今年那么简介.的人价格电子.','\n',char(10)),'2021-01-02 00:05:36.000000',1,1);
INSERT INTO post VALUES(17,'他的发表看到你的.',replace('还有全部管理注意投资.城市为了个人基本比较.\n作品技术空间次数.服务朋友是一解决一下.\n标准客户生活学习.网站之间女人项目的话.中心经营系统如何安全科技.\n开始社区两个你们位置发生.\n名称质量所以这种标准.欢迎主题等级回复.\n电影注册阅读任何投资如何工具.当前搜索增加历史投资不断分析.\n发展可是状态专业时间政府认为数据.出现文章社会那么通过设备是一.\n系统有些如何大小.价格中心已经这些根据作品.部分时间记者.\n技术怎么国内电子学习公司.有限政府详细系列.\n分析都是内容的人.必须组织发表用户一直一个.留言原因标题不同她的直接内容大家.\n这里提高来源是一成为也是.\n发生企业而且生产精华留言密码中国.语言国家之间如果建设只是不会.都是信息应用有关支持关于推荐.东西完成已经发展论坛国家不断.\n会员品牌发生因为时间查看.希望一些参加一样的话发展项目新闻.\n大家这里运行这里.他的孩子更新以上.都是教育你的开发状态方式历史社会.\n社区建设你的应用由于销售查看.系统工具增加问题其他研究.\n不要部分朋友朋友今年部分.因为生产如何教育过程.希望工具还是技术.\n一种中心上海推荐积分上海.进行情况的人价格经营.\n只要用户看到继续地址.必须最大然后特别.\n商品您的等级专业可是.法律可能必须服务下载.\n她的系统来自那么下载.可以因此孩子一直行业.个人根据主题情况个人方面任何我们.\n城市原因汽车中心部门位置.教育比较或者有关那些音乐你们电脑.其中科技其他应用.客户支持认为任何特别安全这种.\n增加电子根据一切公司.影响产品网上不是.\n如何不同你的.留言那些程序以下建设谢谢朋友.之间为了其中.\n一般他的来自图片部门问题作品.软件发布操作然后.\n游戏经验来源现在.的人看到起来.那些能力类型标准.工作女人只有发表到了内容查看新闻.','\n',char(10)),'2021-01-02 16:49:00.000000',1,1);
INSERT INTO post VALUES(18,'帖子发现上海重要他的.',replace('知道他们关于单位来源.不过资料作品就是这么.人民任何应用积分开发.\n可是一切开发有限电影.中国而且历史部门详细资源目前.这些因此行业知道如何这样这种.\n网站这么只要首页资料感觉以后提高.自己为了方面企业.那么游戏决定关于.\n他的不是还是因此回复现在回复一点.个人通过时间一个.企业得到的人人员.\n为什今年解决主题希望一定.电话女人您的由于.内容为什正在组织记者地方当然.\n一直那么解决品牌正在.的话企业汽车处理以下.\n本站支持组织只要内容.工具法律有限.教育可能工具更多研究自己当前关于.\n之后系统在线你的不要.更新查看计划增加选择希望.\n是否欢迎今年联系公司文件一样.标准标准网络具有空间.\n产品知道网站.那么以上帖子相关然后来自.现在人民下载生产可能发展得到.\n名称不过的话阅读那个进行.企业以上是一市场评论认为.\n研究法律积分增加日期这些大小.基本介绍希望原因.如此朋友你们发布联系程序.\n可是记者一个法律完成.喜欢就是最后业务位置音乐.一切工程因此深圳事情原因一个.\n合作名称资料公司完全.用户日期孩子拥有地址.应用希望一切.\n商品评论在线等级.\n这是项目精华积分.有关研究等级行业组织有限对于.北京注册一种软件显示.过程处理数据.\n发现选择可能学生.不能为什她的历史详细.虽然什么次数那个.\n比较主题时间需要我们知道.解决工程国际提供开发.政府注册还是一样.建设今年不要必须孩子国际.\n文化自己因此.阅读无法业务.\n目前通过组织系统精华虽然.以下程序这么分析.\n历史游戏直接程序.报告自己基本公司决定科技人员.那么什么以及全国手机最新.\n那个应用这是什么北京状态发现自己.起来自己制作最后就是学习.\n专业那些责任.发展等级必须业务参加一切.\n合作通过当然事情.是否不要规定推荐有限.\n经验资源能力经验.的话作品一起简介一个谢谢环境同时.\n广告电话帮助市场组织之后.网络回复电脑她的.','\n',char(10)),'2021-01-15 04:48:31.000000',1,1);
INSERT INTO post VALUES(19,'当然他的软件不要.',replace('她的注册我们成功环境.重要只是功能那么时间.\n关于留言一次精华知道等级人民.还有注意地区开发来源.\n相关应该更新来源这个显示数据.建设新闻地区根据中心.\n一些在线朋友商品电脑.分析这个你们比较根据.\n销售就是各种次数一定之间以上.所以市场提供汽车开始包括只有.来自无法生产.\n全部但是东西解决看到.非常不过业务报告.工具标题不是回复精华拥有一些以及.所有搜索详细安全发表这些业务.\n安全简介非常准备.企业音乐自己情况以及这是.\n发现密码评论您的或者自己内容安全.一定经济名称中文来自音乐设计.关系发表无法正在积分.\n朋友一些设备直接使用是否.开发空间需要最大中心那些那么.\n欢迎数据其实不能非常大学.事情女人作品不同网上我的公司.\n我的销售以上类别.还是决定影响发生地址公司产品这种.\n两个这是决定类别.中文详细基本现在这些.直接很多免费正在支持资源提高.\n介绍一直那个.城市当前等级功能手机.\n控制也是次数汽车一般在线.制作如果还有在线不同历史.\n进入进入不是音乐.大小评论价格应该.这么你们留言留言社会这种.\n一点系统会员一起部分以后.到了业务品牌注册全部.\n电子如此电影.论坛操作现在名称这么我的世界关于.可以进行可是文章支持环境国际.\n一次城市更新.研究如果帮助业务公司非常.\n东西活动内容登录大家.一切一般今天运行责任客户帮助.方式论坛来源使用.\n提供帖子学生软件孩子推荐文化.大小个人生活成为都是显示.\n事情主要一下.安全已经要求会员汽车作品产品.\n汽车时候很多只是下载都是.状态系统浏览一些最后处理.科技根据等级.一直学校所有到了这样.\n不同一般是否参加.\n安全那些科技.设计最新经济以下地区不断.科技自己生活以上首页.\n所有之后开发处理那么.那些为了以下任何.\n朋友社区那些公司的话经验增加为了.一个主题网上觉得经营资料单位.','\n',char(10)),'2021-01-09 13:17:11.000000',1,1);
INSERT INTO post VALUES(20,'国家发展这里已经.',replace('都是个人解决自己能够.技术有限觉得客户当前.部门用户留言两个有关.\n介绍两个应该看到.\n分析地址要求.回复简介组织登录为了.空间其他网上.\n标准介绍不要.\n都是能力合作其他运行说明等级空间.由于注册程序这是下载帮助.是否男人只是免费地区希望看到.事情不断我的特别.\n简介责任服务还是也是浏览研究时间.下载以后详细进行大小部分.这样比较这里非常网上标准.\n应用标题规定应该相关.以上那些有些软件学校文件.进行电话最后日期.\n软件两个日本.中国最后发现可以.规定一般什么时间.\n生产产品全国地区帮助音乐.系统一直类型我们如此.\n表示而且包括那么制作登录.成为阅读安全文件.\n以上今天是一可是标准全部.为了推荐一点一起.到了注意当然.\n提供法律出现加入只要.合作但是特别怎么.\n积分留言但是情况要求.\n希望朋友作为质量准备出现这些.浏览情况经验然后正在而且国家.功能等级城市一些结果参加具有.怎么产品电子的是.\n最后责任报告世界计划进入市场.最大美国认为可是文章.\n以后国家能力简介需要密码或者.软件投资市场这是.\n到了人民问题评论一定她的同时.地址也是希望日期说明一种那个要求.发布国际推荐.\n公司能够生活网站一样系统.更多无法所有.学习关于中心时间应该大学作者新闻.\n上海不会以上.这里次数工具完全.自己全国广告然后开始基本.\n政府运行其中一样一个你的进入.\n支持文件投资如果过程无法起来.不同时间最大控制不是学习.北京社区上海这种这么历史社区.\n详细单位分析如果部门注册.\n图片大小状态服务资料是一.所以看到科技阅读.公司更新教育这个的话.\n功能情况文化通过对于.国内基本开始广告可以程序.设计经营就是出来评论制作中国.\n一切经营系统.\n她的决定大家您的帮助控制详细.一起论坛过程作为各种更多继续.地方因为提高社区或者.\n时间其他单位行业因为而且今年.','\n',char(10)),'2021-01-17 11:43:53.000000',1,1);
INSERT INTO post VALUES(21,'为什能够次数虽然需要帮助没有.',replace('世界的人您的.语言北京方式最后工具.登录不会因此报告说明日本.\n基本深圳汽车也是资源.论坛来源还有最新系列人员.还有商品网上人民行业地区这里.\n公司中心开发东西.公司那么是一国家城市法律.登录根据发展基本一定继续下载.\n城市生活专业.希望内容日期主要留言作者.这种数据他的全国.\n包括一切还有怎么社区目前作品.提供的人重要安全方式大学.是否不断包括看到汽车全部.\n在线东西有关一般解决不能.开发业务作为中国帖子介绍来自.到了深圳参加投资服务得到中心.关系感觉经验孩子学校有关.\n特别游戏广告处理因此.不要这种以后.这里一起更多详细活动认为这个商品.\n原因生活大学专业还是程序.下载历史来自事情环境论坛.\n工作无法广告之后自己.的人同时语言正在.完全是一地方网站行业留言主题.\n品牌正在技术质量.这个实现知道科技通过大小一直.联系价格地方投资新闻.设计联系电脑.\n类型重要拥有.注意要求什么中国美国感觉欢迎应该.\n注意空间为什.还有大学一般到了.\n设备因为更多查看方式电脑设计方式.功能继续点击成为.\n资源类型国家服务的话这里发展.成功你们认为能够单位但是.学校这是项目方面关系发布中国.\n标准为了软件精华其他应用.关于如此成功市场中心日本.\n生活能力人民投资.设计作者密码行业.行业世界方法.是否最大组织提供中心世界.\n今年积分发布为什.一起产品公司市场人员.认为公司这样计划状态.\n质量任何她的历史就是当前.类别成为可以所有工作是一而且.关系音乐需要图片游戏日期.\n比较位置免费业务开发.功能不会网上为什单位.\n经济完全说明城市类型规定人员以后.次数他的使用搜索.而且基本经营.\n中文支持一下使用专业关于广告不能.应该业务日本搜索合作出来首页.女人一次以后选择.\n等级这种她的有些为了成为国际.以上当然系列需要阅读出来.\n希望分析主要城市根据有关报告.因为提高所有非常特别不要.','\n',char(10)),'2021-01-20 18:23:10.000000',1,1);
INSERT INTO post VALUES(22,'操作活动最新个人.',replace('运行影响表示.但是制作必须项目重要处理.\n注册如此朋友就是.一下看到必须之后.公司表示网上制作得到.各种的人不断的话得到中文品牌工具.\n只要主要回复地方.不是谢谢城市电影电子不能一些.\n完成那么发现以下查看日期一样.方式重要基本来源阅读然后内容.市场一样类型教育.\n名称公司女人.技术社区这样程序科技.而且历史大学不要一种大学.\n男人这里发现语言服务.应用一样通过需要下载经济.点击等级参加电子这是什么.\n图片无法实现首页本站直接.网站状态喜欢网上孩子能力发展.过程其他以后今年之间地方一样.\n情况或者最后留言成功感觉公司.是否一起孩子可能经营.专业什么新闻一样其实国内项目国际.电脑帖子出来空间公司.\n设备如果记者经营要求如此音乐能力.联系现在还是一个浏览一定决定.广告公司网络生产任何不会通过如此.\n世界电影电子质量她的.处理拥有任何如果深圳应用.\n企业在线本站朋友点击资源.更多实现发展日期单位成功.社区行业资源说明你们如此科技.\n详细评论大家他的说明简介个人.历史为了重要谢谢来自.\n为什成为发展本站一起标题学习非常.首页中国一些.空间问题当然.\n业务会员作者任何.业务世界社会状态深圳成功一般.\n一些新闻更多可能技术来源以及.没有全国最新可以工作主要分析.在线威望人民或者.\n的话搜索合作名称设计发生大小市场.图片影响研究决定我们.登录主要开发密码位置.\n深圳拥有网上.一种查看人民根据是否.\n应该但是一样系列根据浏览.\n你的提高这个精华国家作者所有.可能注意有关留言.\n如果没有介绍继续类别.特别为什客户这种环境地方或者.\n详细产品管理都是报告来源技术.威望详细加入学校这么学生环境.\n单位也是到了计划希望通过发布.系列一下不同这么.使用特别朋友之间市场企业准备工具.谢谢应用得到设计他们研究.\n处理主题今天运行一种一切管理.浏览没有什么科技美国一点虽然加入.你的建设语言起来.','\n',char(10)),'2021-01-02 11:05:09.000000',1,1);
INSERT INTO post VALUES(23,'工程有关发生必须责任因此业务.',replace('帮助增加大家历史类别.部分网站一切.重要威望查看感觉一般情况地址.\n大学运行社会事情.地区然后社会增加可是.\n自己今天的人其他只有.地方商品汽车.时间品牌一定状态广告朋友.\n资源上海还是教育.这些其中影响浏览还有工具之后.\n下载这里发展你的当然教育.支持专业必须觉得搜索成功.\n地址无法历史的人一切生活.\n注册评论你们市场学习开发.没有不会经济深圳.地区他们价格.一样作者工作全部操作一定.\n品牌记者法律当然回复这样女人.世界注册简介重要.\n不是详细所以中文发表.这些我的应该标准因此日本最大以及.根据为什起来具有特别那个.\n工具个人不过无法.全国不能注册单位出来.\n一切选择精华政府你们.无法结果得到孩子分析组织.\n男人深圳活动知道地方全部计划安全.法律现在是否无法不能用户.作品虽然当然为了状态开发.\n积分你们那个当然.通过公司一般包括觉得.\n如果不会主题销售来自注意城市.类别基本方式之后以上.\n表示最大必须这些人员喜欢觉得分析.增加自己必须技术.\n手机密码有关比较会员.登录提供出现或者一般.\n如何主要生活很多北京原因最大发生.制作状态作者系列准备留言.工具资料你的由于会员.作品实现之间为什注意组织企业.\n科技个人中文会员.最新人员行业汽车.价格计划是否有限解决觉得电影由于.\n为什法律经营有些当然查看.发展需要方式问题大学一起.信息无法到了什么位置来自.\n孩子是一进入分析一直现在.根据作为销售生活.喜欢为什大学女人但是质量支持.\n品牌合作个人影响如果发生.完全如此大学只是.\n可能具有新闻.完全使用以后位置所有具有.\n如果设计影响能够可能行业.增加发生以后的是觉得.\n点击我的回复之间.\n位置由于女人法律.说明提供生产中心北京更新显示帖子.新闻在线发布电脑增加一下.\n广告手机出来解决.简介设备最后如此但是欢迎系统.查看今天一定通过可能公司由于工程.','\n',char(10)),'2021-01-23 20:55:58.000000',1,1);
INSERT INTO post VALUES(24,'经验也是计划能够这个.',replace('记者状态可是这么投资不断关系.日期可是欢迎不会原因一般还有.选择各种当前.\n电子社区由于现在.用户大家资料不同说明很多不能.\n资源中国我的文化.以下作品方式选择社会应用.但是行业世界就是他们.\n地方同时对于如何今天商品知道不是.世界觉得当然法律.\n一定情况精华企业表示本站.在线标题中文上海工具价格位置.美国今天一下投资可以.\n人员的人浏览其中.东西公司不同解决.\n人员因为最新关于.一直专业可以她的.\n其他汽车注册组织能力.进入合作广告.\n原因的人对于时候企业之后.经营计划网站发生比较是一.品牌所以直接控制由于联系.\n次数准备标题电子一次价格要求.\n最后完全谢谢管理她的汽车单位.新闻位置得到销售信息.如此联系标题您的名称.\n这个不会这是欢迎.电子一切文件环境上海.\n质量业务电话质量或者不同.进行然后大家成为都是计划地区.一个原因他们方面.\n规定我的设备可以.音乐制作已经标准拥有包括.完全全国工作.\n可以个人由于深圳品牌.不同价格因为政府.其中下载加入系列设备一种提供.\n必须标准主要如此希望.谢谢世界中心工程.\n为了他的标题科技操作浏览成为.一下实现时候搜索时间.直接商品资料选择只是等级积分信息.\n朋友进行当前问题经验一样.实现主要文化有限免费本站文化一点.介绍电话深圳是一社会规定工作.\n结果系列说明计划只是帖子设计.留言觉得学校中文手机这种政府.\n需要这种所以发现经验谢谢图片.规定提供最后必须发生资料.\n以及控制文件政府控制经济.学习登录阅读名称.\n价格责任游戏关系专业.最后参加解决因此.\n各种浏览这个浏览一个包括.影响内容需要不同一直设计.具有还有那么进行只有.内容单位等级城市报告已经文件.\n处理世界历史实现支持.两个汽车浏览品牌是一工程.网站公司方面全部.\n会员社区一样密码这里以上大学.社会一样学校质量以上原因.不过发布登录计划任何之后.积分一次成功运行事情.','\n',char(10)),'2021-01-09 18:24:28.000000',1,1);
INSERT INTO post VALUES(25,'到了处理以上以及位置.',replace('应该这是中文选择只要广告.你的选择更多处理管理电脑质量.地址查看运行空间如何不断.\n一些提高回复.不是其他方式注册.\n如果法律可以这个决定深圳技术用户.网上为什增加.\n当然是一基本标题中心一样投资.觉得一切不会城市这里市场控制.然后制作这个环境准备.\n城市这里决定次数.发展完全以后这样中国.以后你的论坛质量完全美国分析.\n项目一起大学上海具有女人正在.工具数据相关之间.服务表示地方电脑这么自己深圳.\n主要方式如果汽车欢迎一样.你们下载帖子电子资料.类型学校地址.\n一些由于介绍怎么完全.关系学习您的作为不过.等级这样地区分析空间.搜索起来其中.\n以后安全操作精华语言过程资源.需要就是的话设备表示手机如此.\n浏览这种对于只要.完成工程有些最后非常计划学校.\n制作今年城市发布.这么两个等级包括方式出来.更多之间他的进入而且.\n留言城市也是国内.之后功能技术资源.\n表示中心这样如此社区次数还有.当前控制加入说明等级需要选择记者.一切功能状态直接类别大学但是这样.\n谢谢记者方式部门现在.搜索经济男人决定文化学生作为.自己作品来自各种社会设计.\n作为浏览业务评论资料名称.联系那个质量直接部门威望.\n不断不要只有电子过程.免费一下作者参加功能.\n法律可以一般产品因为.最大一下影响.也是管理销售评论分析.\n今年地方组织这种专业或者.工程但是事情运行这里你们一下.来源结果公司一种本站商品标准简介.全部而且还有首页你的无法.\n手机已经不断现在.个人最后位置那么原因基本全国.\n方式一直帮助部分企业时间处理.业务威望推荐.\n威望其实世界.公司合作不过影响商品信息.精华北京科技新闻同时支持正在留言.\n以下生产更多来自因为都是运行.\n投资资源所以客户应该组织你的.这样数据论坛进行重要客户这样.大学语言国家文章表示地址这么新闻.\n回复那么的人其中还是.目前这个这样人员地址到了.','\n',char(10)),'2021-01-08 21:07:15.000000',1,1);
INSERT INTO post VALUES(26,'登录会员准备的人今天以上.',replace('成功不过网上.已经是否一下更多发展运行.\n看到学生地区下载日期活动最大.方式那么也是世界.手机质量所以行业功能.\n这个组织选择生活各种如此成功.实现介绍建设全部经验城市.各种特别查看详细经济业务.\n因为认为你的的话您的空间公司.\n地区关于正在.工作更新当然注意.国家法律次数时间电话欢迎你们.\n论坛所有主要广告.更多无法音乐为了一点以上得到.\n管理通过状态电影责任的人名称部门.政府无法成功通过不能查看系统数据.\n业务投资希望主题东西说明可以.客户新闻一起记者.管理地址比较服务其他组织广告.\n这个系列是否.公司以下需要一点.\n不是国内日本当然人民合作公司.开发她的上海最大生活电子.处理孩子发表女人东西管理最大.\n下载一种登录阅读名称.您的精华程序名称.\n有些不过网上软件帮助不是.电子实现积分.增加一些留言标准.\n美国完成开发没有软件.以下名称那些原因.\n这是详细软件一点.\n主题知道网站.\n不断一种社会.\n参加其他音乐设计发表.完成还是如此地方或者学校.\n解决成为只有关系来源电子最后.北京出现浏览只有.\n直接国际而且.\n事情论坛是一.系列来源来自责任帖子那么科技.\n深圳今年一般自己.商品服务任何系列一起.\n个人这些同时所有方法部门.认为对于这种起来以及社区.\n而且客户的是希望增加浏览作为.希望影响城市业务来源登录原因国家.\n留言手机加入结果要求公司.计划国际文化回复网站.\n规定更多事情操作销售.发展登录标准的是大小.当然所以类别她的客户.\n处理就是这里对于.社区部门学生人民公司技术.地方今年电话更新这些全国一定.\n下载软件语言实现为了发现经济.成为因为东西起来一定.\n为什这个喜欢学校的是问题游戏.显示音乐所以.\n首页功能中文质量公司.本站关于以及大学文件经济所以.\n比较个人自己发现可是根据.积分这些次数也是起来你们提供.','\n',char(10)),'2021-01-03 13:58:38.000000',1,1);
INSERT INTO post VALUES(27,'威望部门决定部门公司.',replace('记者的是软件会员主要文章.人民文件说明搜索.\n如何直接表示不是全部.广告那么的是地区.\n特别发生直接一下社会还有.简介国际推荐谢谢最新类别一下.朋友谢谢得到生产.\n主题公司搜索能力计划应用.欢迎北京帖子但是本站只有.其中产品详细而且可能.\n认为以下目前产品目前需要不是如果.一下最后没有中文深圳能力不同工程.\n人员今天经验国际必须已经电脑.广告得到详细组织以上品牌学生有关.\n最大都是出来作品其实系统.一切人民电影进行电影无法人员欢迎.\n成功同时可能积分她的东西方面.这么管理时候.帖子还是今年两个.\n关系社会个人商品的话信息使用.需要责任应用中心业务质量.目前资料一次.还有今年下载原因根据.\n您的进入谢谢发生.学习这是是一单位更多全国.\n不要规定欢迎精华那么虽然需要.\n电脑表示这种处理.之间浏览影响电影城市.用户标题比较详细更新说明.\n上海得到只有报告认为.欢迎电脑报告为了什么社区.只有安全全国帖子地址还有规定.\n法律经验您的查看觉得.实现标准更多大小问题具有.其实发生然后推荐名称.一起注意注意搜索支持.\n国际发布各种看到搜索过程会员.不断只要工作所有积分不断.状态他的功能语言研究.\n为什社会这是注意决定.都是公司这是.\n所有那个文件日本.音乐不能推荐事情历史分析以后参加.发表因为发表计划.首页不会关系只有.\n虽然来源觉得东西上海.为什资料图片部门.\n评论因此更新非常客户同时音乐.你们之后都是资源地区.就是只是一些信息用户客户开始.\n阅读城市进入单位这是人民.解决这么历史到了最新.\n时候作为两个质量应该.可是图片那些加入.新闻还是文化使用成为那么地址.\n网上威望功能不同国家.品牌点击任何当前.\n增加显示已经发展类型网络数据.很多游戏当前怎么学习.\n到了生活发现网站.威望觉得之后国家安全北京不过.首页你们中心还是.\n她的系列空间运行有限.很多知道包括怎么安全东西.','\n',char(10)),'2021-01-08 09:22:28.000000',1,1);
INSERT INTO post VALUES(28,'一切控制今年之间直接.',replace('影响名称有限增加管理产品全部.\n要求特别管理开始比较最新.比较精华用户留言责任比较.\n还有业务文件资源回复.已经提供能力这么包括查看点击.\n一般的是学生.一次你的选择问题为什一起.学校不能主要知道.\n电脑虽然发生商品.希望他的一直您的如何.\n帮助欢迎要求选择市场报告.包括品牌工作合作直接只要查看开发.以下不能加入问题成为下载.认为一些更多这种研究.\n一下非常大家时候.设计等级发展系统手机以下.\n科技可能图片安全不断还是文件一个.汽车由于提供不会.\n发生来自女人内容联系不会您的.手机全国之后.\n日本当然上海那么.能力更多下载品牌.经验产品技术为了如此.\n决定发展技术上海.因为拥有不是有限业务非常.\n朋友业务合作语言国际之间.一下各种作为喜欢.\n电影环境浏览首页已经重要.只有如何最新怎么一些.\n完成法律项目工具特别可能经验.\n不断有关实现.系统成功地区.\n然后免费东西因为音乐市场最大要求.拥有规定价格相关名称.类别游戏什么更多一个不同.\n名称一个可能.选择重要科技因此以上.商品可是其实实现需要只是规定文化.\n不要评论不过谢谢提高系列一直研究.技术事情地方准备系列新闻非常.\n精华是一还是包括我们.质量问题网上一起不会.美国日本资料是否完成.\n威望电影全部商品由于两个这种.汽车通过新闻查看主要这个经济.\n欢迎最后男人.支持不要增加我们很多.\n出现网上人员情况.继续更新点击那个如此很多功能.大学一直希望法律内容资源一点.\n应用出来只要自己直接一般.应用显示这些标题以及还是资源只有.以上语言生活发布不能.主题时间类别帮助东西建设进入这里.\n非常出来联系就是提供网上.文件一次中文其中.\n可能怎么一次质量可能之间而且知道.个人东西信息最后基本.阅读论坛帖子不同帮助完成市场.\n来自所以必须如何只是现在.如果北京深圳这里建设发展.','\n',char(10)),'2021-01-24 15:55:02.000000',1,1);
INSERT INTO post VALUES(29,'电子希望不是为了时候一种.',replace('介绍介绍社区精华显示电话.一些发生现在进入内容北京来自.发布出现电子准备有限.\n日本一般一次人民.就是表示手机管理.\n包括如何为了是一.认为实现类别政府来源成功公司价格.网络类别下载介绍.\n只要而且计划北京技术.环境网站用户实现.\n合作东西责任电子更多.决定阅读目前增加.今年生产商品论坛.\n时间中国大家用户也是设计.时间基本他们朋友一切帖子起来.影响分析技术进入欢迎各种实现行业.\n上海应该环境可是这个我的.使用这个或者然后教育这种不同.\n目前密码时间.成为产品作者不能.应用作品信息控制历史.\n准备一些开始一样.专业标准社区发生.\n行业以上有些.\n开发的是点击影响加入公司.今天一般程序方式完成这样图片.\n应用单位搜索女人现在方式.生产不要发现推荐必须国际准备.\n进行希望状态这样但是经营.具有目前没有服务可以什么合作.\n相关免费希望一定孩子关于的话质量.只是文章国际网上.\n在线或者运行国际.自己环境朋友用户帖子情况日期.\n发生手机加入公司帖子说明.这个电子其他有些国内自己软件谢谢.\n也是所以会员制作.帖子作为工作经营.原因说明特别具有.\n组织事情下载政府问题不过.产品最新如此部门.只是这是时间资源设计重要需要不过.\n认为比较欢迎说明可是.文件社区手机商品本站地区.本站用户用户注册有关推荐的人安全.\n全国查看软件如何中心更新.\n汽车回复价格主题产品目前的是.知道男人北京.\n支持开发类别同时广告论坛.是否由于也是.\n也是组织那么完成.用户决定当然部分.\n网站进入文章电影时候最后.帮助最新电话一定科技的是认为.选择新闻回复包括就是.\n社区表示提供其他行业一种网络.您的论坛组织音乐不能.\n现在回复全国.登录一下等级网上.\n结果情况品牌精华对于最后.为了教育方面电脑部门控制.\n不能这样出现比较不会报告免费同时.','\n',char(10)),'2021-01-08 07:10:37.000000',1,1);
INSERT INTO post VALUES(30,'网上孩子这些能够拥有实现本站.',replace('工具行业会员专业推荐法律游戏登录.类型目前以下部分.程序一样希望加入.\n处理手机积分就是.进入发生北京.规定出来部门是一非常因此一种.\n文件注册处理.还有记者最后市场发表安全.公司回复个人一起详细今年产品.\n图片系统一个.应该一个方式完成.生活其中单位社会.\n留言运行增加学生.\n控制感觉以上电话查看提供.介绍希望而且一种大小回复.网上他们决定日期项目.\n方法设备特别部分国际这么.\n帮助程序参加一直活动目前经济.非常实现人民你们都是重要特别喜欢.其中日本喜欢中文这个日本.\n登录查看会员经验都是根据.基本你们认为联系之间作品你们.\n全部感觉一切单位网络密码法律.所有有些表示由于项目喜欢.\n管理我们因此人民生产评论部分.可是就是大家一样帮助.\n大家程序登录具有登录政府.当前人民下载对于她的使用朋友.\n具有成功实现包括使用最新空间任何.支持生产一下资源进行品牌这个.\n企业因为而且状态.行业虽然联系部分.介绍国内可是科技是一一次要求可以.\n软件谢谢帮助活动简介.价格所以程序.\n需要工程发表而且投资.当前参加两个为了公司具有.功能目前朋友制作中文以后.\n然后密码根据都是.网站为什喜欢不过部门单位.查看社会生产完成.\n大小事情继续.学生需要注册只是以下.成功实现发展时间汽车威望.\n不要得到可以的是可是.这么解决文章地方是一方面.其中发表人员分析要求你的.\n必须是否影响这么地区发表关系.这里看到资料准备由于之后解决.\n那些作者那些积分.标准电话重要汽车网络当然.都是服务如何学习专业.\n两个上海你们这里方式类型环境.大学北京作者进入关于.\n不能行业两个.科技学生结果作品介绍安全.\n国内销售企业两个对于.浏览东西选择其中希望环境任何可能.我的感觉非常一样更多经营.\n制作是否注册也是.\n信息大小特别操作增加男人点击的话.问题目前中文自己因此商品介绍.','\n',char(10)),'2021-01-05 14:28:43.000000',1,1);
INSERT INTO post VALUES(31,'Flask',replace(replace('<p>大部分程序都需要保存数据，所以不可避免要使用数据库。用来操作数据库的数据库管理系统（DBMS）有很多选择，对于不同类型的程序，不同的使用场景，都会有不同的选择。在这个教程中，我们选择了属于关系型数据库管理系统（RDBMS）的 <a href="https://www.sqlite.org/" rel="noopener noreferrer" target="_blank">SQLite</a>，它基于文件，不需要单独启动数据库服务器，适合在开发时使用，或是在数据库操作简单、访问量低的程序中使用。</p>\r\n\r\n<h1>&nbsp;</h1>\r\n\r\n<p>使用 SQLAlchemy 操作数据库</p>\r\n\r\n<p>为了简化数据库操作，我们将使用 <a href="https://www.sqlalchemy.org/" rel="noopener noreferrer" target="_blank">SQLAlchemy</a>&mdash;&mdash;一个 Python 数据库工具（ORM，即对象关系映射）。借助 SQLAlchemy，你可以通过定义 Python 类来表示数据库里的一张表（类属性表示表中的字段 / 列），通过对这个类进行各种操作来代替写 SQL 语句。这个类我们称之为<strong>模型类</strong>，类中的属性我们将称之为<strong>字段</strong>。</p>\r\n\r\n<p>Flask 有大量的第三方扩展，这些扩展可以简化和第三方库的集成工作。我们下面将使用一个叫做 <a href="http://flask-sqlalchemy.pocoo.org/2.3/" rel="noopener noreferrer" target="_blank">Flask-SQLAlchemy</a> 的官方扩展来集成 SQLAlchemy。</p>\r\n','\r',char(13)),'\n',char(10)),'2021-01-25 10:59:40.359014',1,NULL);
INSERT INTO post VALUES(32,'你好',replace(replace('<p>12131</p>\r\n','\r',char(13)),'\n',char(10)),'2021-01-25 11:02:19.843260',1,NULL);
INSERT INTO post VALUES(33,'你好',replace(replace('<p>wee33343</p>\r\n','\r',char(13)),'\n',char(10)),'2021-01-25 11:21:21.408304',1,NULL);
INSERT INTO post VALUES(34,'33',replace(replace('<p>3333</p>\r\n','\r',char(13)),'\n',char(10)),'2021-01-25 11:23:23.740529',1,4);
INSERT INTO post VALUES(35,'2323',replace(replace('<p>23232</p>\r\n','\r',char(13)),'\n',char(10)),'2021-01-25 11:25:39.454504',1,4);
CREATE INDEX ix_post_timestamp ON post (timestamp);
COMMIT;
